{
  "cdist_time_s": 0.7137621309957467,
  "gemm_time_s": 0.5301518779961043,
  "speedup": 1.3463351930274434,
  "n_vectors": 100000,
  "k_centroids": 65536,
  "dim": 8
}